Hotel Name,Check-in,Check-out,Price
Taipei Marriott,2025-08-06,2025-08-07,10028
Taipei Marriott,2025-08-06,2025-08-07,10300
Taipei Marriott,2025-08-06,2025-08-07,10500
Taipei Marriott,2025-08-06,2025-08-07,10528
Taipei Marriott,2025-08-06,2025-08-07,10756
Taipei Marriott,2025-08-06,2025-08-07,11000
Taipei Marriott,2025-08-06,2025-08-07,11228
Taipei Marriott,2025-08-06,2025-08-07,11256
Taipei Marriott,2025-08-06,2025-08-07,11728
Taipei Marriott,2025-08-06,2025-08-07,11956
Taipei Marriott,2025-08-06,2025-08-07,12456
Taipei Marriott,2025-08-06,2025-08-07,13300
Taipei Marriott,2025-08-06,2025-08-07,16800
Taipei Marriott,2025-08-06,2025-08-07,36800
Taipei Marriott,2025-08-06,2025-08-07,5984
Taipei Marriott,2025-08-06,2025-08-07,6800
Taipei Marriott,2025-08-06,2025-08-07,7600
Taipei Marriott,2025-08-06,2025-08-07,8000
Taipei Marriott,2025-08-06,2025-08-07,8300
Taipei Marriott,2025-08-06,2025-08-07,8800
Taipei Marriott,2025-08-06,2025-08-07,9300
Taipei Marriott,2025-08-06,2025-08-07,9800
Taipei Marriott,2025-08-07,2025-08-08,10028
Taipei Marriott,2025-08-07,2025-08-08,10300
Taipei Marriott,2025-08-07,2025-08-08,10500
Taipei Marriott,2025-08-07,2025-08-08,10528
Taipei Marriott,2025-08-07,2025-08-08,10756
Taipei Marriott,2025-08-07,2025-08-08,11000
Taipei Marriott,2025-08-07,2025-08-08,11228
Taipei Marriott,2025-08-07,2025-08-08,11256
Taipei Marriott,2025-08-07,2025-08-08,11728
Taipei Marriott,2025-08-07,2025-08-08,11956
Taipei Marriott,2025-08-07,2025-08-08,12456
Taipei Marriott,2025-08-07,2025-08-08,13300
Taipei Marriott,2025-08-07,2025-08-08,16800
Taipei Marriott,2025-08-07,2025-08-08,36800
Taipei Marriott,2025-08-07,2025-08-08,5984
Taipei Marriott,2025-08-07,2025-08-08,6800
Taipei Marriott,2025-08-07,2025-08-08,7600
Taipei Marriott,2025-08-07,2025-08-08,8000
Taipei Marriott,2025-08-07,2025-08-08,8300
Taipei Marriott,2025-08-07,2025-08-08,8800
Taipei Marriott,2025-08-07,2025-08-08,9300
Taipei Marriott,2025-08-07,2025-08-08,9800
Taipei Marriott,2025-09-02,2025-09-03,10028
Taipei Marriott,2025-09-02,2025-09-03,10300
Taipei Marriott,2025-09-02,2025-09-03,10500
Taipei Marriott,2025-09-02,2025-09-03,10528
Taipei Marriott,2025-09-02,2025-09-03,10756
Taipei Marriott,2025-09-02,2025-09-03,11000
Taipei Marriott,2025-09-02,2025-09-03,11228
Taipei Marriott,2025-09-02,2025-09-03,11256
Taipei Marriott,2025-09-02,2025-09-03,11728
Taipei Marriott,2025-09-02,2025-09-03,11956
Taipei Marriott,2025-09-02,2025-09-03,12456
Taipei Marriott,2025-09-02,2025-09-03,13300
Taipei Marriott,2025-09-02,2025-09-03,16800
Taipei Marriott,2025-09-02,2025-09-03,36800
Taipei Marriott,2025-09-02,2025-09-03,5984
Taipei Marriott,2025-09-02,2025-09-03,6800
Taipei Marriott,2025-09-02,2025-09-03,7600
Taipei Marriott,2025-09-02,2025-09-03,8000
Taipei Marriott,2025-09-02,2025-09-03,8300
Taipei Marriott,2025-09-02,2025-09-03,8800
Taipei Marriott,2025-09-02,2025-09-03,9300
Taipei Marriott,2025-09-02,2025-09-03,9800
Taipei Marriott,2025-09-03,2025-09-04,10028
Taipei Marriott,2025-09-03,2025-09-04,10300
Taipei Marriott,2025-09-03,2025-09-04,10500
Taipei Marriott,2025-09-03,2025-09-04,10528
Taipei Marriott,2025-09-03,2025-09-04,10756
Taipei Marriott,2025-09-03,2025-09-04,11000
Taipei Marriott,2025-09-03,2025-09-04,11228
Taipei Marriott,2025-09-03,2025-09-04,11256
Taipei Marriott,2025-09-03,2025-09-04,11728
Taipei Marriott,2025-09-03,2025-09-04,11956
Taipei Marriott,2025-09-03,2025-09-04,12456
Taipei Marriott,2025-09-03,2025-09-04,13300
Taipei Marriott,2025-09-03,2025-09-04,16800
Taipei Marriott,2025-09-03,2025-09-04,36800
Taipei Marriott,2025-09-03,2025-09-04,5984
Taipei Marriott,2025-09-03,2025-09-04,6800
Taipei Marriott,2025-09-03,2025-09-04,7600
Taipei Marriott,2025-09-03,2025-09-04,8000
Taipei Marriott,2025-09-03,2025-09-04,8300
Taipei Marriott,2025-09-03,2025-09-04,8800
Taipei Marriott,2025-09-03,2025-09-04,9300
Taipei Marriott,2025-09-03,2025-09-04,9800
Taipei Marriott,2025-10-02,2025-10-03,10028
Taipei Marriott,2025-10-02,2025-10-03,10300
Taipei Marriott,2025-10-02,2025-10-03,10500
Taipei Marriott,2025-10-02,2025-10-03,10528
Taipei Marriott,2025-10-02,2025-10-03,10756
Taipei Marriott,2025-10-02,2025-10-03,11000
Taipei Marriott,2025-10-02,2025-10-03,11228
Taipei Marriott,2025-10-02,2025-10-03,11256
Taipei Marriott,2025-10-02,2025-10-03,11728
Taipei Marriott,2025-10-02,2025-10-03,11956
Taipei Marriott,2025-10-02,2025-10-03,12456
Taipei Marriott,2025-10-02,2025-10-03,13300
Taipei Marriott,2025-10-02,2025-10-03,16800
Taipei Marriott,2025-10-02,2025-10-03,36800
Taipei Marriott,2025-10-02,2025-10-03,5984
Taipei Marriott,2025-10-02,2025-10-03,6800
Taipei Marriott,2025-10-02,2025-10-03,7600
Taipei Marriott,2025-10-02,2025-10-03,8000
Taipei Marriott,2025-10-02,2025-10-03,8300
Taipei Marriott,2025-10-02,2025-10-03,8800
Taipei Marriott,2025-10-02,2025-10-03,9300
Taipei Marriott,2025-10-02,2025-10-03,9800
Taipei Marriott,2025-10-15,2025-10-16,10028
Taipei Marriott,2025-10-15,2025-10-16,10300
Taipei Marriott,2025-10-15,2025-10-16,10500
Taipei Marriott,2025-10-15,2025-10-16,10528
Taipei Marriott,2025-10-15,2025-10-16,10756
Taipei Marriott,2025-10-15,2025-10-16,11000
Taipei Marriott,2025-10-15,2025-10-16,11228
Taipei Marriott,2025-10-15,2025-10-16,11256
Taipei Marriott,2025-10-15,2025-10-16,11728
Taipei Marriott,2025-10-15,2025-10-16,11956
Taipei Marriott,2025-10-15,2025-10-16,12456
Taipei Marriott,2025-10-15,2025-10-16,13300
Taipei Marriott,2025-10-15,2025-10-16,16800
Taipei Marriott,2025-10-15,2025-10-16,36800
Taipei Marriott,2025-10-15,2025-10-16,5984
Taipei Marriott,2025-10-15,2025-10-16,6800
Taipei Marriott,2025-10-15,2025-10-16,7600
Taipei Marriott,2025-10-15,2025-10-16,8000
Taipei Marriott,2025-10-15,2025-10-16,8300
Taipei Marriott,2025-10-15,2025-10-16,8800
Taipei Marriott,2025-10-15,2025-10-16,9300
Taipei Marriott,2025-10-15,2025-10-16,9800
Taipei Marriott,2025-11-02,2025-11-03,10028
Taipei Marriott,2025-11-02,2025-11-03,10300
Taipei Marriott,2025-11-02,2025-11-03,10500
Taipei Marriott,2025-11-02,2025-11-03,10528
Taipei Marriott,2025-11-02,2025-11-03,10756
Taipei Marriott,2025-11-02,2025-11-03,11000
Taipei Marriott,2025-11-02,2025-11-03,11228
Taipei Marriott,2025-11-02,2025-11-03,11256
Taipei Marriott,2025-11-02,2025-11-03,11728
Taipei Marriott,2025-11-02,2025-11-03,11956
Taipei Marriott,2025-11-02,2025-11-03,12456
Taipei Marriott,2025-11-02,2025-11-03,13300
Taipei Marriott,2025-11-02,2025-11-03,16800
Taipei Marriott,2025-11-02,2025-11-03,36800
Taipei Marriott,2025-11-02,2025-11-03,5984
Taipei Marriott,2025-11-02,2025-11-03,6800
Taipei Marriott,2025-11-02,2025-11-03,7600
Taipei Marriott,2025-11-02,2025-11-03,8000
Taipei Marriott,2025-11-02,2025-11-03,8300
Taipei Marriott,2025-11-02,2025-11-03,8800
Taipei Marriott,2025-11-02,2025-11-03,9300
Taipei Marriott,2025-11-02,2025-11-03,9800
Taipei Marriott,2025-11-15,2025-11-16,10528
Taipei Marriott,2025-11-15,2025-11-16,10800
Taipei Marriott,2025-11-15,2025-11-16,11000
Taipei Marriott,2025-11-15,2025-11-16,11256
Taipei Marriott,2025-11-15,2025-11-16,11500
Taipei Marriott,2025-11-15,2025-11-16,11728
Taipei Marriott,2025-11-15,2025-11-16,12228
Taipei Marriott,2025-11-15,2025-11-16,12456
Taipei Marriott,2025-11-15,2025-11-16,12956
Taipei Marriott,2025-11-15,2025-11-16,13800
Taipei Marriott,2025-11-15,2025-11-16,17300
Taipei Marriott,2025-11-15,2025-11-16,37300
Taipei Marriott,2025-11-15,2025-11-16,6716
Taipei Marriott,2025-11-15,2025-11-16,8800
Taipei Marriott,2025-11-15,2025-11-16,9300
Taipei Marriott,2025-11-15,2025-11-16,9800
Taipei Marriott,2025-12-02,2025-12-03,10200
Taipei Marriott,2025-12-02,2025-12-03,10700
Taipei Marriott,2025-12-02,2025-12-03,10928
Taipei Marriott,2025-12-02,2025-12-03,11200
Taipei Marriott,2025-12-02,2025-12-03,11400
Taipei Marriott,2025-12-02,2025-12-03,11428
Taipei Marriott,2025-12-02,2025-12-03,11656
Taipei Marriott,2025-12-02,2025-12-03,11900
Taipei Marriott,2025-12-02,2025-12-03,12128
Taipei Marriott,2025-12-02,2025-12-03,12156
Taipei Marriott,2025-12-02,2025-12-03,12628
Taipei Marriott,2025-12-02,2025-12-03,12856
Taipei Marriott,2025-12-02,2025-12-03,13356
Taipei Marriott,2025-12-02,2025-12-03,14200
Taipei Marriott,2025-12-02,2025-12-03,17700
Taipei Marriott,2025-12-02,2025-12-03,37700
Taipei Marriott,2025-12-02,2025-12-03,6776
Taipei Marriott,2025-12-02,2025-12-03,7700
Taipei Marriott,2025-12-02,2025-12-03,8500
Taipei Marriott,2025-12-02,2025-12-03,8900
Taipei Marriott,2025-12-02,2025-12-03,9200
Taipei Marriott,2025-12-02,2025-12-03,9700
Taipei Marriott,2025-12-15,2025-12-16,10200
Taipei Marriott,2025-12-15,2025-12-16,10700
Taipei Marriott,2025-12-15,2025-12-16,10928
Taipei Marriott,2025-12-15,2025-12-16,11200
Taipei Marriott,2025-12-15,2025-12-16,11400
Taipei Marriott,2025-12-15,2025-12-16,11428
Taipei Marriott,2025-12-15,2025-12-16,11656
Taipei Marriott,2025-12-15,2025-12-16,11900
Taipei Marriott,2025-12-15,2025-12-16,12128
Taipei Marriott,2025-12-15,2025-12-16,12156
Taipei Marriott,2025-12-15,2025-12-16,12628
Taipei Marriott,2025-12-15,2025-12-16,12856
Taipei Marriott,2025-12-15,2025-12-16,13356
Taipei Marriott,2025-12-15,2025-12-16,14200
Taipei Marriott,2025-12-15,2025-12-16,17700
Taipei Marriott,2025-12-15,2025-12-16,37700
Taipei Marriott,2025-12-15,2025-12-16,6776
Taipei Marriott,2025-12-15,2025-12-16,7700
Taipei Marriott,2025-12-15,2025-12-16,8500
Taipei Marriott,2025-12-15,2025-12-16,8900
Taipei Marriott,2025-12-15,2025-12-16,9200
Taipei Marriott,2025-12-15,2025-12-16,9700
Holiday Inn Express Taoyuan,2025-08-06,2025-08-07,3292
Holiday Inn Express Taoyuan,2025-08-06,2025-08-07,3465
Holiday Inn Express Taoyuan,2025-08-06,2025-08-07,4389
Holiday Inn Express Taoyuan,2025-08-06,2025-08-07,4620
Holiday Inn Express Taoyuan,2025-08-07,2025-08-08,3292
Holiday Inn Express Taoyuan,2025-08-07,2025-08-08,3465
Holiday Inn Express Taoyuan,2025-08-07,2025-08-08,4389
Holiday Inn Express Taoyuan,2025-08-07,2025-08-08,4620
Holiday Inn Express Taoyuan,2025-09-02,2025-09-03,3292
Holiday Inn Express Taoyuan,2025-09-02,2025-09-03,3465
Holiday Inn Express Taoyuan,2025-09-02,2025-09-03,4389
Holiday Inn Express Taoyuan,2025-09-02,2025-09-03,4620
Holiday Inn Express Taoyuan,2025-09-03,2025-09-04,3292
Holiday Inn Express Taoyuan,2025-09-03,2025-09-04,3465
Holiday Inn Express Taoyuan,2025-09-03,2025-09-04,4389
Holiday Inn Express Taoyuan,2025-09-03,2025-09-04,4620
Holiday Inn Express Taoyuan,2025-10-02,2025-10-03,4608
Holiday Inn Express Taoyuan,2025-10-02,2025-10-03,4851
Holiday Inn Express Taoyuan,2025-10-02,2025-10-03,4938
Holiday Inn Express Taoyuan,2025-10-02,2025-10-03,5198
Holiday Inn Express Taoyuan,2025-10-15,2025-10-16,4608
Holiday Inn Express Taoyuan,2025-10-15,2025-10-16,4851
Holiday Inn Express Taoyuan,2025-10-15,2025-10-16,4938
Holiday Inn Express Taoyuan,2025-10-15,2025-10-16,5198
Holiday Inn Express Taoyuan,2025-11-02,2025-11-03,5706
Holiday Inn Express Taoyuan,2025-11-02,2025-11-03,6006
Holiday Inn Express Taoyuan,2025-11-02,2025-11-03,6035
Holiday Inn Express Taoyuan,2025-11-02,2025-11-03,6352
Holiday Inn Express Taoyuan,2025-11-15,2025-11-16,5706
Holiday Inn Express Taoyuan,2025-11-15,2025-11-16,6006
Holiday Inn Express Taoyuan,2025-11-15,2025-11-16,6035
Holiday Inn Express Taoyuan,2025-11-15,2025-11-16,6352
Holiday Inn Express Taoyuan,2025-12-02,2025-12-03,5706
Holiday Inn Express Taoyuan,2025-12-02,2025-12-03,6006
Holiday Inn Express Taoyuan,2025-12-02,2025-12-03,6035
Holiday Inn Express Taoyuan,2025-12-02,2025-12-03,6352
Holiday Inn Express Taoyuan,2025-12-15,2025-12-16,5706
Holiday Inn Express Taoyuan,2025-12-15,2025-12-16,6006
Holiday Inn Express Taoyuan,2025-12-15,2025-12-16,6035
Holiday Inn Express Taoyuan,2025-12-15,2025-12-16,6352
Hilton Taipei Sinban,2025-08-06,2025-08-07,10308
Hilton Taipei Sinban,2025-08-06,2025-08-07,10799
Hilton Taipei Sinban,2025-08-06,2025-08-07,11290
Hilton Taipei Sinban,2025-08-06,2025-08-07,11781
Hilton Taipei Sinban,2025-08-06,2025-08-07,12272
Hilton Taipei Sinban,2025-08-06,2025-08-07,13744
Hilton Taipei Sinban,2025-08-06,2025-08-07,4418
Hilton Taipei Sinban,2025-08-06,2025-08-07,4909
Hilton Taipei Sinban,2025-08-06,2025-08-07,5400
Hilton Taipei Sinban,2025-08-06,2025-08-07,5890
Hilton Taipei Sinban,2025-08-06,2025-08-07,6381
Hilton Taipei Sinban,2025-08-06,2025-08-07,6872
Hilton Taipei Sinban,2025-08-06,2025-08-07,7363
Hilton Taipei Sinban,2025-08-06,2025-08-07,7854
Hilton Taipei Sinban,2025-08-06,2025-08-07,8345
Hilton Taipei Sinban,2025-08-06,2025-08-07,8836
Hilton Taipei Sinban,2025-08-06,2025-08-07,9327
Hilton Taipei Sinban,2025-08-07,2025-08-08,10308
Hilton Taipei Sinban,2025-08-07,2025-08-08,10799
Hilton Taipei Sinban,2025-08-07,2025-08-08,11290
Hilton Taipei Sinban,2025-08-07,2025-08-08,11781
Hilton Taipei Sinban,2025-08-07,2025-08-08,12272
Hilton Taipei Sinban,2025-08-07,2025-08-08,13744
Hilton Taipei Sinban,2025-08-07,2025-08-08,4418
Hilton Taipei Sinban,2025-08-07,2025-08-08,4909
Hilton Taipei Sinban,2025-08-07,2025-08-08,5400
Hilton Taipei Sinban,2025-08-07,2025-08-08,5890
Hilton Taipei Sinban,2025-08-07,2025-08-08,6381
Hilton Taipei Sinban,2025-08-07,2025-08-08,6872
Hilton Taipei Sinban,2025-08-07,2025-08-08,7363
Hilton Taipei Sinban,2025-08-07,2025-08-08,7854
Hilton Taipei Sinban,2025-08-07,2025-08-08,8345
Hilton Taipei Sinban,2025-08-07,2025-08-08,8836
Hilton Taipei Sinban,2025-08-07,2025-08-08,9327
Hilton Taipei Sinban,2025-09-02,2025-09-03,10014
Hilton Taipei Sinban,2025-09-02,2025-09-03,10505
Hilton Taipei Sinban,2025-09-02,2025-09-03,10996
Hilton Taipei Sinban,2025-09-02,2025-09-03,11486
Hilton Taipei Sinban,2025-09-02,2025-09-03,11977
Hilton Taipei Sinban,2025-09-02,2025-09-03,13450
Hilton Taipei Sinban,2025-09-02,2025-09-03,4123
Hilton Taipei Sinban,2025-09-02,2025-09-03,4614
Hilton Taipei Sinban,2025-09-02,2025-09-03,5105
Hilton Taipei Sinban,2025-09-02,2025-09-03,5596
Hilton Taipei Sinban,2025-09-02,2025-09-03,6087
Hilton Taipei Sinban,2025-09-02,2025-09-03,6578
Hilton Taipei Sinban,2025-09-02,2025-09-03,7069
Hilton Taipei Sinban,2025-09-02,2025-09-03,7559
Hilton Taipei Sinban,2025-09-02,2025-09-03,8050
Hilton Taipei Sinban,2025-09-02,2025-09-03,8541
Hilton Taipei Sinban,2025-09-02,2025-09-03,9032
Hilton Taipei Sinban,2025-09-03,2025-09-04,10014
Hilton Taipei Sinban,2025-09-03,2025-09-04,10505
Hilton Taipei Sinban,2025-09-03,2025-09-04,10996
Hilton Taipei Sinban,2025-09-03,2025-09-04,11486
Hilton Taipei Sinban,2025-09-03,2025-09-04,11977
Hilton Taipei Sinban,2025-09-03,2025-09-04,13450
Hilton Taipei Sinban,2025-09-03,2025-09-04,4123
Hilton Taipei Sinban,2025-09-03,2025-09-04,4614
Hilton Taipei Sinban,2025-09-03,2025-09-04,5105
Hilton Taipei Sinban,2025-09-03,2025-09-04,5596
Hilton Taipei Sinban,2025-09-03,2025-09-04,6087
Hilton Taipei Sinban,2025-09-03,2025-09-04,6578
Hilton Taipei Sinban,2025-09-03,2025-09-04,7069
Hilton Taipei Sinban,2025-09-03,2025-09-04,7559
Hilton Taipei Sinban,2025-09-03,2025-09-04,8050
Hilton Taipei Sinban,2025-09-03,2025-09-04,8541
Hilton Taipei Sinban,2025-09-03,2025-09-04,9032
Hilton Taipei Sinban,2025-10-02,2025-10-03,10014
Hilton Taipei Sinban,2025-10-02,2025-10-03,10505
Hilton Taipei Sinban,2025-10-02,2025-10-03,10996
Hilton Taipei Sinban,2025-10-02,2025-10-03,11486
Hilton Taipei Sinban,2025-10-02,2025-10-03,11977
Hilton Taipei Sinban,2025-10-02,2025-10-03,13450
Hilton Taipei Sinban,2025-10-02,2025-10-03,4123
Hilton Taipei Sinban,2025-10-02,2025-10-03,4614
Hilton Taipei Sinban,2025-10-02,2025-10-03,5105
Hilton Taipei Sinban,2025-10-02,2025-10-03,5596
Hilton Taipei Sinban,2025-10-02,2025-10-03,6087
Hilton Taipei Sinban,2025-10-02,2025-10-03,6578
Hilton Taipei Sinban,2025-10-02,2025-10-03,7069
Hilton Taipei Sinban,2025-10-02,2025-10-03,7559
Hilton Taipei Sinban,2025-10-02,2025-10-03,8050
Hilton Taipei Sinban,2025-10-02,2025-10-03,8541
Hilton Taipei Sinban,2025-10-02,2025-10-03,9032
Hilton Taipei Sinban,2025-10-15,2025-10-16,10505
Hilton Taipei Sinban,2025-10-15,2025-10-16,10996
Hilton Taipei Sinban,2025-10-15,2025-10-16,11486
Hilton Taipei Sinban,2025-10-15,2025-10-16,11977
Hilton Taipei Sinban,2025-10-15,2025-10-16,12468
Hilton Taipei Sinban,2025-10-15,2025-10-16,13941
Hilton Taipei Sinban,2025-10-15,2025-10-16,4614
Hilton Taipei Sinban,2025-10-15,2025-10-16,5105
Hilton Taipei Sinban,2025-10-15,2025-10-16,5596
Hilton Taipei Sinban,2025-10-15,2025-10-16,6087
Hilton Taipei Sinban,2025-10-15,2025-10-16,6578
Hilton Taipei Sinban,2025-10-15,2025-10-16,7069
Hilton Taipei Sinban,2025-10-15,2025-10-16,7559
Hilton Taipei Sinban,2025-10-15,2025-10-16,8050
Hilton Taipei Sinban,2025-10-15,2025-10-16,8541
Hilton Taipei Sinban,2025-10-15,2025-10-16,9032
Hilton Taipei Sinban,2025-10-15,2025-10-16,9523
Hilton Taipei Sinban,2025-11-02,2025-11-03,10603
Hilton Taipei Sinban,2025-11-02,2025-11-03,11094
Hilton Taipei Sinban,2025-11-02,2025-11-03,11585
Hilton Taipei Sinban,2025-11-02,2025-11-03,12076
Hilton Taipei Sinban,2025-11-02,2025-11-03,12566
Hilton Taipei Sinban,2025-11-02,2025-11-03,14039
Hilton Taipei Sinban,2025-11-02,2025-11-03,4712
Hilton Taipei Sinban,2025-11-02,2025-11-03,5203
Hilton Taipei Sinban,2025-11-02,2025-11-03,5694
Hilton Taipei Sinban,2025-11-02,2025-11-03,6185
Hilton Taipei Sinban,2025-11-02,2025-11-03,6676
Hilton Taipei Sinban,2025-11-02,2025-11-03,7167
Hilton Taipei Sinban,2025-11-02,2025-11-03,7658
Hilton Taipei Sinban,2025-11-02,2025-11-03,8149
Hilton Taipei Sinban,2025-11-02,2025-11-03,8639
Hilton Taipei Sinban,2025-11-02,2025-11-03,9130
Hilton Taipei Sinban,2025-11-02,2025-11-03,9621
Hilton Taipei Sinban,2025-11-15,2025-11-16,10404
Hilton Taipei Sinban,2025-11-15,2025-11-16,10510
Hilton Taipei Sinban,2025-11-15,2025-11-16,10972
Hilton Taipei Sinban,2025-11-15,2025-11-16,11088
Hilton Taipei Sinban,2025-11-15,2025-11-16,11435
Hilton Taipei Sinban,2025-11-15,2025-11-16,11550
Hilton Taipei Sinban,2025-11-15,2025-11-16,11666
Hilton Taipei Sinban,2025-11-15,2025-11-16,12012
Hilton Taipei Sinban,2025-11-15,2025-11-16,12128
Hilton Taipei Sinban,2025-11-15,2025-11-16,12243
Hilton Taipei Sinban,2025-11-15,2025-11-16,12590
Hilton Taipei Sinban,2025-11-15,2025-11-16,12705
Hilton Taipei Sinban,2025-11-15,2025-11-16,12820
Hilton Taipei Sinban,2025-11-15,2025-11-16,13398
Hilton Taipei Sinban,2025-11-15,2025-11-16,13495
Hilton Taipei Sinban,2025-11-15,2025-11-16,13976
Hilton Taipei Sinban,2025-11-15,2025-11-16,14091
Hilton Taipei Sinban,2025-11-15,2025-11-16,14668
Hilton Taipei Sinban,2025-11-15,2025-11-16,15130
Hilton Taipei Sinban,2025-11-15,2025-11-16,15477
Hilton Taipei Sinban,2025-11-15,2025-11-16,15555
Hilton Taipei Sinban,2025-11-15,2025-11-16,15708
Hilton Taipei Sinban,2025-11-15,2025-11-16,16286
Hilton Taipei Sinban,2025-11-15,2025-11-16,16863
Hilton Taipei Sinban,2025-11-15,2025-11-16,17440
Hilton Taipei Sinban,2025-11-15,2025-11-16,17556
Hilton Taipei Sinban,2025-11-15,2025-11-16,19173
Hilton Taipei Sinban,2025-11-15,2025-11-16,8085
Hilton Taipei Sinban,2025-11-15,2025-11-16,8662
Hilton Taipei Sinban,2025-11-15,2025-11-16,9240
Hilton Taipei Sinban,2025-11-15,2025-11-16,9374
Hilton Taipei Sinban,2025-11-15,2025-11-16,9818
Hilton Taipei Sinban,2025-11-15,2025-11-16,9889
Hilton Taipei Sinban,2025-11-15,2025-11-16,9933
Hilton Taipei Sinban,2025-12-02,2025-12-03,10014
Hilton Taipei Sinban,2025-12-02,2025-12-03,10996
Hilton Taipei Sinban,2025-12-02,2025-12-03,11486
Hilton Taipei Sinban,2025-12-02,2025-12-03,11977
Hilton Taipei Sinban,2025-12-02,2025-12-03,12468
Hilton Taipei Sinban,2025-12-02,2025-12-03,12959
Hilton Taipei Sinban,2025-12-02,2025-12-03,14432
Hilton Taipei Sinban,2025-12-02,2025-12-03,5105
Hilton Taipei Sinban,2025-12-02,2025-12-03,5596
Hilton Taipei Sinban,2025-12-02,2025-12-03,6087
Hilton Taipei Sinban,2025-12-02,2025-12-03,6578
Hilton Taipei Sinban,2025-12-02,2025-12-03,7069
Hilton Taipei Sinban,2025-12-02,2025-12-03,7559
Hilton Taipei Sinban,2025-12-02,2025-12-03,8050
Hilton Taipei Sinban,2025-12-02,2025-12-03,8541
Hilton Taipei Sinban,2025-12-02,2025-12-03,9032
Hilton Taipei Sinban,2025-12-02,2025-12-03,9523
Hilton Taipei Sinban,2025-12-15,2025-12-16,10014
Hilton Taipei Sinban,2025-12-15,2025-12-16,10996
Hilton Taipei Sinban,2025-12-15,2025-12-16,11486
Hilton Taipei Sinban,2025-12-15,2025-12-16,11977
Hilton Taipei Sinban,2025-12-15,2025-12-16,12468
Hilton Taipei Sinban,2025-12-15,2025-12-16,12959
Hilton Taipei Sinban,2025-12-15,2025-12-16,14432
Hilton Taipei Sinban,2025-12-15,2025-12-16,5105
Hilton Taipei Sinban,2025-12-15,2025-12-16,5596
Hilton Taipei Sinban,2025-12-15,2025-12-16,6087
Hilton Taipei Sinban,2025-12-15,2025-12-16,6578
Hilton Taipei Sinban,2025-12-15,2025-12-16,7069
Hilton Taipei Sinban,2025-12-15,2025-12-16,7559
Hilton Taipei Sinban,2025-12-15,2025-12-16,8050
Hilton Taipei Sinban,2025-12-15,2025-12-16,8541
Hilton Taipei Sinban,2025-12-15,2025-12-16,9032
Hilton Taipei Sinban,2025-12-15,2025-12-16,9523
"Humble House Taipei, Curio Collection by Hilton",2025-08-06,2025-08-07,10048
"Humble House Taipei, Curio Collection by Hilton",2025-08-06,2025-08-07,10280
"Humble House Taipei, Curio Collection by Hilton",2025-08-06,2025-08-07,10626
"Humble House Taipei, Curio Collection by Hilton",2025-08-06,2025-08-07,11030
"Humble House Taipei, Curio Collection by Hilton",2025-08-06,2025-08-07,11781
"Humble House Taipei, Curio Collection by Hilton",2025-08-06,2025-08-07,16632
"Humble House Taipei, Curio Collection by Hilton",2025-08-06,2025-08-07,17383
"Humble House Taipei, Curio Collection by Hilton",2025-08-06,2025-08-07,17787
"Humble House Taipei, Curio Collection by Hilton",2025-08-06,2025-08-07,18134
"Humble House Taipei, Curio Collection by Hilton",2025-08-06,2025-08-07,18538
"Humble House Taipei, Curio Collection by Hilton",2025-08-06,2025-08-07,19288
"Humble House Taipei, Curio Collection by Hilton",2025-08-06,2025-08-07,7392
"Humble House Taipei, Curio Collection by Hilton",2025-08-06,2025-08-07,8143
"Humble House Taipei, Curio Collection by Hilton",2025-08-06,2025-08-07,8316
"Humble House Taipei, Curio Collection by Hilton",2025-08-06,2025-08-07,8547
"Humble House Taipei, Curio Collection by Hilton",2025-08-06,2025-08-07,8894
"Humble House Taipei, Curio Collection by Hilton",2025-08-06,2025-08-07,9067
"Humble House Taipei, Curio Collection by Hilton",2025-08-06,2025-08-07,9124
"Humble House Taipei, Curio Collection by Hilton",2025-08-06,2025-08-07,9298
"Humble House Taipei, Curio Collection by Hilton",2025-08-06,2025-08-07,9818
"Humble House Taipei, Curio Collection by Hilton",2025-08-06,2025-08-07,9875
"Humble House Taipei, Curio Collection by Hilton",2025-08-07,2025-08-08,10048
"Humble House Taipei, Curio Collection by Hilton",2025-08-07,2025-08-08,10280
"Humble House Taipei, Curio Collection by Hilton",2025-08-07,2025-08-08,10626
"Humble House Taipei, Curio Collection by Hilton",2025-08-07,2025-08-08,11030
"Humble House Taipei, Curio Collection by Hilton",2025-08-07,2025-08-08,11781
"Humble House Taipei, Curio Collection by Hilton",2025-08-07,2025-08-08,16632
"Humble House Taipei, Curio Collection by Hilton",2025-08-07,2025-08-08,17383
"Humble House Taipei, Curio Collection by Hilton",2025-08-07,2025-08-08,17787
"Humble House Taipei, Curio Collection by Hilton",2025-08-07,2025-08-08,18134
"Humble House Taipei, Curio Collection by Hilton",2025-08-07,2025-08-08,18538
"Humble House Taipei, Curio Collection by Hilton",2025-08-07,2025-08-08,19288
"Humble House Taipei, Curio Collection by Hilton",2025-08-07,2025-08-08,7392
"Humble House Taipei, Curio Collection by Hilton",2025-08-07,2025-08-08,8143
"Humble House Taipei, Curio Collection by Hilton",2025-08-07,2025-08-08,8316
"Humble House Taipei, Curio Collection by Hilton",2025-08-07,2025-08-08,8547
"Humble House Taipei, Curio Collection by Hilton",2025-08-07,2025-08-08,8894
"Humble House Taipei, Curio Collection by Hilton",2025-08-07,2025-08-08,9067
"Humble House Taipei, Curio Collection by Hilton",2025-08-07,2025-08-08,9124
"Humble House Taipei, Curio Collection by Hilton",2025-08-07,2025-08-08,9298
"Humble House Taipei, Curio Collection by Hilton",2025-08-07,2025-08-08,9818
"Humble House Taipei, Curio Collection by Hilton",2025-08-07,2025-08-08,9875
"Humble House Taipei, Curio Collection by Hilton",2025-09-02,2025-09-03,10048
"Humble House Taipei, Curio Collection by Hilton",2025-09-02,2025-09-03,10280
"Humble House Taipei, Curio Collection by Hilton",2025-09-02,2025-09-03,10626
"Humble House Taipei, Curio Collection by Hilton",2025-09-02,2025-09-03,11030
"Humble House Taipei, Curio Collection by Hilton",2025-09-02,2025-09-03,11781
"Humble House Taipei, Curio Collection by Hilton",2025-09-02,2025-09-03,17787
"Humble House Taipei, Curio Collection by Hilton",2025-09-02,2025-09-03,18538
"Humble House Taipei, Curio Collection by Hilton",2025-09-02,2025-09-03,19288
"Humble House Taipei, Curio Collection by Hilton",2025-09-02,2025-09-03,7392
"Humble House Taipei, Curio Collection by Hilton",2025-09-02,2025-09-03,8143
"Humble House Taipei, Curio Collection by Hilton",2025-09-02,2025-09-03,8316
"Humble House Taipei, Curio Collection by Hilton",2025-09-02,2025-09-03,8547
"Humble House Taipei, Curio Collection by Hilton",2025-09-02,2025-09-03,8894
"Humble House Taipei, Curio Collection by Hilton",2025-09-02,2025-09-03,9067
"Humble House Taipei, Curio Collection by Hilton",2025-09-02,2025-09-03,9124
"Humble House Taipei, Curio Collection by Hilton",2025-09-02,2025-09-03,9298
"Humble House Taipei, Curio Collection by Hilton",2025-09-02,2025-09-03,9818
"Humble House Taipei, Curio Collection by Hilton",2025-09-02,2025-09-03,9875
"Humble House Taipei, Curio Collection by Hilton",2025-09-03,2025-09-04,10048
"Humble House Taipei, Curio Collection by Hilton",2025-09-03,2025-09-04,10280
"Humble House Taipei, Curio Collection by Hilton",2025-09-03,2025-09-04,10626
"Humble House Taipei, Curio Collection by Hilton",2025-09-03,2025-09-04,11030
"Humble House Taipei, Curio Collection by Hilton",2025-09-03,2025-09-04,11781
"Humble House Taipei, Curio Collection by Hilton",2025-09-03,2025-09-04,16632
"Humble House Taipei, Curio Collection by Hilton",2025-09-03,2025-09-04,17383
"Humble House Taipei, Curio Collection by Hilton",2025-09-03,2025-09-04,18134
"Humble House Taipei, Curio Collection by Hilton",2025-09-03,2025-09-04,19384
"Humble House Taipei, Curio Collection by Hilton",2025-09-03,2025-09-04,20135
"Humble House Taipei, Curio Collection by Hilton",2025-09-03,2025-09-04,20886
"Humble House Taipei, Curio Collection by Hilton",2025-09-03,2025-09-04,7392
"Humble House Taipei, Curio Collection by Hilton",2025-09-03,2025-09-04,8143
"Humble House Taipei, Curio Collection by Hilton",2025-09-03,2025-09-04,8316
"Humble House Taipei, Curio Collection by Hilton",2025-09-03,2025-09-04,8547
"Humble House Taipei, Curio Collection by Hilton",2025-09-03,2025-09-04,8894
"Humble House Taipei, Curio Collection by Hilton",2025-09-03,2025-09-04,9067
"Humble House Taipei, Curio Collection by Hilton",2025-09-03,2025-09-04,9124
"Humble House Taipei, Curio Collection by Hilton",2025-09-03,2025-09-04,9298
"Humble House Taipei, Curio Collection by Hilton",2025-09-03,2025-09-04,9818
"Humble House Taipei, Curio Collection by Hilton",2025-09-03,2025-09-04,9875
"Humble House Taipei, Curio Collection by Hilton",2025-10-02,2025-10-03,10059
"Humble House Taipei, Curio Collection by Hilton",2025-10-02,2025-10-03,10579
"Humble House Taipei, Curio Collection by Hilton",2025-10-02,2025-10-03,10636
"Humble House Taipei, Curio Collection by Hilton",2025-10-02,2025-10-03,10810
"Humble House Taipei, Curio Collection by Hilton",2025-10-02,2025-10-03,11387
"Humble House Taipei, Curio Collection by Hilton",2025-10-02,2025-10-03,11973
"Humble House Taipei, Curio Collection by Hilton",2025-10-02,2025-10-03,12723
"Humble House Taipei, Curio Collection by Hilton",2025-10-02,2025-10-03,13474
"Humble House Taipei, Curio Collection by Hilton",2025-10-02,2025-10-03,19107
"Humble House Taipei, Curio Collection by Hilton",2025-10-02,2025-10-03,19858
"Humble House Taipei, Curio Collection by Hilton",2025-10-02,2025-10-03,20609
"Humble House Taipei, Curio Collection by Hilton",2025-10-02,2025-10-03,21334
"Humble House Taipei, Curio Collection by Hilton",2025-10-02,2025-10-03,22085
"Humble House Taipei, Curio Collection by Hilton",2025-10-02,2025-10-03,22836
"Humble House Taipei, Curio Collection by Hilton",2025-10-02,2025-10-03,8153
"Humble House Taipei, Curio Collection by Hilton",2025-10-02,2025-10-03,8904
"Humble House Taipei, Curio Collection by Hilton",2025-10-02,2025-10-03,9077
"Humble House Taipei, Curio Collection by Hilton",2025-10-02,2025-10-03,9308
"Humble House Taipei, Curio Collection by Hilton",2025-10-02,2025-10-03,9655
"Humble House Taipei, Curio Collection by Hilton",2025-10-02,2025-10-03,9828
"Humble House Taipei, Curio Collection by Hilton",2025-10-02,2025-10-03,9886
"Humble House Taipei, Curio Collection by Hilton",2025-10-15,2025-10-16,10057
"Humble House Taipei, Curio Collection by Hilton",2025-10-15,2025-10-16,10114
"Humble House Taipei, Curio Collection by Hilton",2025-10-15,2025-10-16,10288
"Humble House Taipei, Curio Collection by Hilton",2025-10-15,2025-10-16,10807
"Humble House Taipei, Curio Collection by Hilton",2025-10-15,2025-10-16,10865
"Humble House Taipei, Curio Collection by Hilton",2025-10-15,2025-10-16,11038
"Humble House Taipei, Curio Collection by Hilton",2025-10-15,2025-10-16,11616
"Humble House Taipei, Curio Collection by Hilton",2025-10-15,2025-10-16,12562
"Humble House Taipei, Curio Collection by Hilton",2025-10-15,2025-10-16,13313
"Humble House Taipei, Curio Collection by Hilton",2025-10-15,2025-10-16,14063
"Humble House Taipei, Curio Collection by Hilton",2025-10-15,2025-10-16,19431
"Humble House Taipei, Curio Collection by Hilton",2025-10-15,2025-10-16,20181
"Humble House Taipei, Curio Collection by Hilton",2025-10-15,2025-10-16,20411
"Humble House Taipei, Curio Collection by Hilton",2025-10-15,2025-10-16,20932
"Humble House Taipei, Curio Collection by Hilton",2025-10-15,2025-10-16,21162
"Humble House Taipei, Curio Collection by Hilton",2025-10-15,2025-10-16,21913
"Humble House Taipei, Curio Collection by Hilton",2025-10-15,2025-10-16,8382
"Humble House Taipei, Curio Collection by Hilton",2025-10-15,2025-10-16,9133
"Humble House Taipei, Curio Collection by Hilton",2025-10-15,2025-10-16,9306
"Humble House Taipei, Curio Collection by Hilton",2025-10-15,2025-10-16,9537
"Humble House Taipei, Curio Collection by Hilton",2025-10-15,2025-10-16,9883
"Humble House Taipei, Curio Collection by Hilton",2025-11-02,2025-11-03,11550
"Humble House Taipei, Curio Collection by Hilton",2025-11-02,2025-11-03,12301
"Humble House Taipei, Curio Collection by Hilton",2025-11-02,2025-11-03,12474
"Humble House Taipei, Curio Collection by Hilton",2025-11-02,2025-11-03,12705
"Humble House Taipei, Curio Collection by Hilton",2025-11-02,2025-11-03,13052
"Humble House Taipei, Curio Collection by Hilton",2025-11-02,2025-11-03,13225
"Humble House Taipei, Curio Collection by Hilton",2025-11-02,2025-11-03,13282
"Humble House Taipei, Curio Collection by Hilton",2025-11-02,2025-11-03,13456
"Humble House Taipei, Curio Collection by Hilton",2025-11-02,2025-11-03,13976
"Humble House Taipei, Curio Collection by Hilton",2025-11-02,2025-11-03,14033
"Humble House Taipei, Curio Collection by Hilton",2025-11-02,2025-11-03,14206
"Humble House Taipei, Curio Collection by Hilton",2025-11-02,2025-11-03,14438
"Humble House Taipei, Curio Collection by Hilton",2025-11-02,2025-11-03,14784
"Humble House Taipei, Curio Collection by Hilton",2025-11-02,2025-11-03,15188
"Humble House Taipei, Curio Collection by Hilton",2025-11-02,2025-11-03,15939
"Humble House Taipei, Curio Collection by Hilton",2025-11-02,2025-11-03,17902
"Humble House Taipei, Curio Collection by Hilton",2025-11-02,2025-11-03,18653
"Humble House Taipei, Curio Collection by Hilton",2025-11-02,2025-11-03,18826
"Humble House Taipei, Curio Collection by Hilton",2025-11-02,2025-11-03,19404
"Humble House Taipei, Curio Collection by Hilton",2025-11-02,2025-11-03,19577
"Humble House Taipei, Curio Collection by Hilton",2025-11-02,2025-11-03,20328
"Humble House Taipei, Curio Collection by Hilton",2025-11-15,2025-11-16,11550
"Humble House Taipei, Curio Collection by Hilton",2025-11-15,2025-11-16,12301
"Humble House Taipei, Curio Collection by Hilton",2025-11-15,2025-11-16,12474
"Humble House Taipei, Curio Collection by Hilton",2025-11-15,2025-11-16,12705
"Humble House Taipei, Curio Collection by Hilton",2025-11-15,2025-11-16,13052
"Humble House Taipei, Curio Collection by Hilton",2025-11-15,2025-11-16,13225
"Humble House Taipei, Curio Collection by Hilton",2025-11-15,2025-11-16,13282
"Humble House Taipei, Curio Collection by Hilton",2025-11-15,2025-11-16,13456
"Humble House Taipei, Curio Collection by Hilton",2025-11-15,2025-11-16,13976
"Humble House Taipei, Curio Collection by Hilton",2025-11-15,2025-11-16,14033
"Humble House Taipei, Curio Collection by Hilton",2025-11-15,2025-11-16,14206
"Humble House Taipei, Curio Collection by Hilton",2025-11-15,2025-11-16,14438
"Humble House Taipei, Curio Collection by Hilton",2025-11-15,2025-11-16,14784
"Humble House Taipei, Curio Collection by Hilton",2025-11-15,2025-11-16,15188
"Humble House Taipei, Curio Collection by Hilton",2025-11-15,2025-11-16,15939
"Humble House Taipei, Curio Collection by Hilton",2025-11-15,2025-11-16,21945
"Humble House Taipei, Curio Collection by Hilton",2025-11-15,2025-11-16,22696
"Humble House Taipei, Curio Collection by Hilton",2025-11-15,2025-11-16,23446
"Humble House Taipei, Curio Collection by Hilton",2025-12-02,2025-12-03,10147
"Humble House Taipei, Curio Collection by Hilton",2025-12-02,2025-12-03,10666
"Humble House Taipei, Curio Collection by Hilton",2025-12-02,2025-12-03,10724
"Humble House Taipei, Curio Collection by Hilton",2025-12-02,2025-12-03,10897
"Humble House Taipei, Curio Collection by Hilton",2025-12-02,2025-12-03,11475
"Humble House Taipei, Curio Collection by Hilton",2025-12-02,2025-12-03,13547
"Humble House Taipei, Curio Collection by Hilton",2025-12-02,2025-12-03,14298
"Humble House Taipei, Curio Collection by Hilton",2025-12-02,2025-12-03,15048
"Humble House Taipei, Curio Collection by Hilton",2025-12-02,2025-12-03,17636
"Humble House Taipei, Curio Collection by Hilton",2025-12-02,2025-12-03,18386
"Humble House Taipei, Curio Collection by Hilton",2025-12-02,2025-12-03,18560
"Humble House Taipei, Curio Collection by Hilton",2025-12-02,2025-12-03,19137
"Humble House Taipei, Curio Collection by Hilton",2025-12-02,2025-12-03,19310
"Humble House Taipei, Curio Collection by Hilton",2025-12-02,2025-12-03,20061
"Humble House Taipei, Curio Collection by Hilton",2025-12-02,2025-12-03,8241
"Humble House Taipei, Curio Collection by Hilton",2025-12-02,2025-12-03,8992
"Humble House Taipei, Curio Collection by Hilton",2025-12-02,2025-12-03,9165
"Humble House Taipei, Curio Collection by Hilton",2025-12-02,2025-12-03,9396
"Humble House Taipei, Curio Collection by Hilton",2025-12-02,2025-12-03,9742
"Humble House Taipei, Curio Collection by Hilton",2025-12-02,2025-12-03,9916
"Humble House Taipei, Curio Collection by Hilton",2025-12-02,2025-12-03,9973
"Humble House Taipei, Curio Collection by Hilton",2025-12-15,2025-12-16,10141
"Humble House Taipei, Curio Collection by Hilton",2025-12-15,2025-12-16,10199
"Humble House Taipei, Curio Collection by Hilton",2025-12-15,2025-12-16,10372
"Humble House Taipei, Curio Collection by Hilton",2025-12-15,2025-12-16,10949
"Humble House Taipei, Curio Collection by Hilton",2025-12-15,2025-12-16,11717
"Humble House Taipei, Curio Collection by Hilton",2025-12-15,2025-12-16,12468
"Humble House Taipei, Curio Collection by Hilton",2025-12-15,2025-12-16,13219
"Humble House Taipei, Curio Collection by Hilton",2025-12-15,2025-12-16,20729
"Humble House Taipei, Curio Collection by Hilton",2025-12-15,2025-12-16,21480
"Humble House Taipei, Curio Collection by Hilton",2025-12-15,2025-12-16,22230
"Humble House Taipei, Curio Collection by Hilton",2025-12-15,2025-12-16,7715
"Humble House Taipei, Curio Collection by Hilton",2025-12-15,2025-12-16,8466
"Humble House Taipei, Curio Collection by Hilton",2025-12-15,2025-12-16,8639
"Humble House Taipei, Curio Collection by Hilton",2025-12-15,2025-12-16,8870
"Humble House Taipei, Curio Collection by Hilton",2025-12-15,2025-12-16,9217
"Humble House Taipei, Curio Collection by Hilton",2025-12-15,2025-12-16,9390
"Humble House Taipei, Curio Collection by Hilton",2025-12-15,2025-12-16,9448
"Humble House Taipei, Curio Collection by Hilton",2025-12-15,2025-12-16,9621
Holiday Inn Express Taipei Main Station,2025-08-06,2025-08-07,3292
Holiday Inn Express Taipei Main Station,2025-08-06,2025-08-07,3465
Holiday Inn Express Taipei Main Station,2025-08-06,2025-08-07,4389
Holiday Inn Express Taipei Main Station,2025-08-06,2025-08-07,4620
Holiday Inn Express Taipei Main Station,2025-08-07,2025-08-08,3292
Holiday Inn Express Taipei Main Station,2025-08-07,2025-08-08,3465
Holiday Inn Express Taipei Main Station,2025-08-07,2025-08-08,4389
Holiday Inn Express Taipei Main Station,2025-08-07,2025-08-08,4620
Holiday Inn Express Taipei Main Station,2025-09-02,2025-09-03,3292
Holiday Inn Express Taipei Main Station,2025-09-02,2025-09-03,3465
Holiday Inn Express Taipei Main Station,2025-09-02,2025-09-03,4389
Holiday Inn Express Taipei Main Station,2025-09-02,2025-09-03,4620
Holiday Inn Express Taipei Main Station,2025-09-03,2025-09-04,3292
Holiday Inn Express Taipei Main Station,2025-09-03,2025-09-04,3465
Holiday Inn Express Taipei Main Station,2025-09-03,2025-09-04,4389
Holiday Inn Express Taipei Main Station,2025-09-03,2025-09-04,4620
Holiday Inn Express Taipei Main Station,2025-10-02,2025-10-03,4608
Holiday Inn Express Taipei Main Station,2025-10-02,2025-10-03,4851
Holiday Inn Express Taipei Main Station,2025-10-02,2025-10-03,4938
Holiday Inn Express Taipei Main Station,2025-10-02,2025-10-03,5198
Holiday Inn Express Taipei Main Station,2025-10-15,2025-10-16,4608
Holiday Inn Express Taipei Main Station,2025-10-15,2025-10-16,4851
Holiday Inn Express Taipei Main Station,2025-10-15,2025-10-16,4938
Holiday Inn Express Taipei Main Station,2025-10-15,2025-10-16,5198
Holiday Inn Express Taipei Main Station,2025-11-02,2025-11-03,5706
Holiday Inn Express Taipei Main Station,2025-11-02,2025-11-03,6006
Holiday Inn Express Taipei Main Station,2025-11-02,2025-11-03,6035
Holiday Inn Express Taipei Main Station,2025-11-02,2025-11-03,6352
Holiday Inn Express Taipei Main Station,2025-11-15,2025-11-16,5706
Holiday Inn Express Taipei Main Station,2025-11-15,2025-11-16,6006
Holiday Inn Express Taipei Main Station,2025-11-15,2025-11-16,6035
Holiday Inn Express Taipei Main Station,2025-11-15,2025-11-16,6352
Holiday Inn Express Taipei Main Station,2025-12-02,2025-12-03,5706
Holiday Inn Express Taipei Main Station,2025-12-02,2025-12-03,6006
Holiday Inn Express Taipei Main Station,2025-12-02,2025-12-03,6035
Holiday Inn Express Taipei Main Station,2025-12-02,2025-12-03,6352
Holiday Inn Express Taipei Main Station,2025-12-15,2025-12-16,5706
Holiday Inn Express Taipei Main Station,2025-12-15,2025-12-16,6006
Holiday Inn Express Taipei Main Station,2025-12-15,2025-12-16,6035
Holiday Inn Express Taipei Main Station,2025-12-15,2025-12-16,6352
Four Points by Sheraton Linkou,2025-08-06,2025-08-07,10125
Four Points by Sheraton Linkou,2025-08-06,2025-08-07,4600
Four Points by Sheraton Linkou,2025-08-06,2025-08-07,5100
Four Points by Sheraton Linkou,2025-08-06,2025-08-07,5600
Four Points by Sheraton Linkou,2025-08-06,2025-08-07,6100
Four Points by Sheraton Linkou,2025-08-06,2025-08-07,6600
Four Points by Sheraton Linkou,2025-08-06,2025-08-07,7125
Four Points by Sheraton Linkou,2025-08-06,2025-08-07,7600
Four Points by Sheraton Linkou,2025-08-06,2025-08-07,8125
Four Points by Sheraton Linkou,2025-08-06,2025-08-07,8600
Four Points by Sheraton Linkou,2025-08-06,2025-08-07,9600
Four Points by Sheraton Linkou,2025-08-07,2025-08-08,10125
Four Points by Sheraton Linkou,2025-08-07,2025-08-08,4600
Four Points by Sheraton Linkou,2025-08-07,2025-08-08,5100
Four Points by Sheraton Linkou,2025-08-07,2025-08-08,5600
Four Points by Sheraton Linkou,2025-08-07,2025-08-08,6100
Four Points by Sheraton Linkou,2025-08-07,2025-08-08,6600
Four Points by Sheraton Linkou,2025-08-07,2025-08-08,7125
Four Points by Sheraton Linkou,2025-08-07,2025-08-08,7600
Four Points by Sheraton Linkou,2025-08-07,2025-08-08,8125
Four Points by Sheraton Linkou,2025-08-07,2025-08-08,8600
Four Points by Sheraton Linkou,2025-08-07,2025-08-08,9600
Four Points by Sheraton Linkou,2025-09-02,2025-09-03,10000
Four Points by Sheraton Linkou,2025-09-02,2025-09-03,10525
Four Points by Sheraton Linkou,2025-09-02,2025-09-03,5000
Four Points by Sheraton Linkou,2025-09-02,2025-09-03,5500
Four Points by Sheraton Linkou,2025-09-02,2025-09-03,6000
Four Points by Sheraton Linkou,2025-09-02,2025-09-03,6500
Four Points by Sheraton Linkou,2025-09-02,2025-09-03,7000
Four Points by Sheraton Linkou,2025-09-02,2025-09-03,7525
Four Points by Sheraton Linkou,2025-09-02,2025-09-03,8000
Four Points by Sheraton Linkou,2025-09-02,2025-09-03,8525
Four Points by Sheraton Linkou,2025-09-02,2025-09-03,9000
Four Points by Sheraton Linkou,2025-09-03,2025-09-04,10400
Four Points by Sheraton Linkou,2025-09-03,2025-09-04,10925
Four Points by Sheraton Linkou,2025-09-03,2025-09-04,5400
Four Points by Sheraton Linkou,2025-09-03,2025-09-04,5900
Four Points by Sheraton Linkou,2025-09-03,2025-09-04,6400
Four Points by Sheraton Linkou,2025-09-03,2025-09-04,6900
Four Points by Sheraton Linkou,2025-09-03,2025-09-04,7400
Four Points by Sheraton Linkou,2025-09-03,2025-09-04,7925
Four Points by Sheraton Linkou,2025-09-03,2025-09-04,8400
Four Points by Sheraton Linkou,2025-09-03,2025-09-04,8925
Four Points by Sheraton Linkou,2025-09-03,2025-09-04,9400
Four Points by Sheraton Linkou,2025-10-02,2025-10-03,10000
Four Points by Sheraton Linkou,2025-10-02,2025-10-03,10525
Four Points by Sheraton Linkou,2025-10-02,2025-10-03,5000
Four Points by Sheraton Linkou,2025-10-02,2025-10-03,5500
Four Points by Sheraton Linkou,2025-10-02,2025-10-03,6000
Four Points by Sheraton Linkou,2025-10-02,2025-10-03,6500
Four Points by Sheraton Linkou,2025-10-02,2025-10-03,7000
Four Points by Sheraton Linkou,2025-10-02,2025-10-03,7525
Four Points by Sheraton Linkou,2025-10-02,2025-10-03,8000
Four Points by Sheraton Linkou,2025-10-02,2025-10-03,8525
Four Points by Sheraton Linkou,2025-10-02,2025-10-03,9000
Four Points by Sheraton Linkou,2025-10-15,2025-10-16,10325
Four Points by Sheraton Linkou,2025-10-15,2025-10-16,4800
Four Points by Sheraton Linkou,2025-10-15,2025-10-16,5300
Four Points by Sheraton Linkou,2025-10-15,2025-10-16,5800
Four Points by Sheraton Linkou,2025-10-15,2025-10-16,6300
Four Points by Sheraton Linkou,2025-10-15,2025-10-16,6800
Four Points by Sheraton Linkou,2025-10-15,2025-10-16,7325
Four Points by Sheraton Linkou,2025-10-15,2025-10-16,7800
Four Points by Sheraton Linkou,2025-10-15,2025-10-16,8325
Four Points by Sheraton Linkou,2025-10-15,2025-10-16,8800
Four Points by Sheraton Linkou,2025-10-15,2025-10-16,9800
Four Points by Sheraton Linkou,2025-11-02,2025-11-03,10325
Four Points by Sheraton Linkou,2025-11-02,2025-11-03,4800
Four Points by Sheraton Linkou,2025-11-02,2025-11-03,5300
Four Points by Sheraton Linkou,2025-11-02,2025-11-03,5800
Four Points by Sheraton Linkou,2025-11-02,2025-11-03,6300
Four Points by Sheraton Linkou,2025-11-02,2025-11-03,6800
Four Points by Sheraton Linkou,2025-11-02,2025-11-03,7325
Four Points by Sheraton Linkou,2025-11-02,2025-11-03,7800
Four Points by Sheraton Linkou,2025-11-02,2025-11-03,8325
Four Points by Sheraton Linkou,2025-11-02,2025-11-03,8800
Four Points by Sheraton Linkou,2025-11-02,2025-11-03,9800
Four Points by Sheraton Linkou,2025-11-15,2025-11-16,10200
Four Points by Sheraton Linkou,2025-11-15,2025-11-16,10725
Four Points by Sheraton Linkou,2025-11-15,2025-11-16,5200
Four Points by Sheraton Linkou,2025-11-15,2025-11-16,5700
Four Points by Sheraton Linkou,2025-11-15,2025-11-16,6200
Four Points by Sheraton Linkou,2025-11-15,2025-11-16,6700
Four Points by Sheraton Linkou,2025-11-15,2025-11-16,7200
Four Points by Sheraton Linkou,2025-11-15,2025-11-16,7725
Four Points by Sheraton Linkou,2025-11-15,2025-11-16,8200
Four Points by Sheraton Linkou,2025-11-15,2025-11-16,8725
Four Points by Sheraton Linkou,2025-11-15,2025-11-16,9200
Four Points by Sheraton Linkou,2025-12-02,2025-12-03,10325
Four Points by Sheraton Linkou,2025-12-02,2025-12-03,4800
Four Points by Sheraton Linkou,2025-12-02,2025-12-03,5300
Four Points by Sheraton Linkou,2025-12-02,2025-12-03,5800
Four Points by Sheraton Linkou,2025-12-02,2025-12-03,6300
Four Points by Sheraton Linkou,2025-12-02,2025-12-03,6800
Four Points by Sheraton Linkou,2025-12-02,2025-12-03,7325
Four Points by Sheraton Linkou,2025-12-02,2025-12-03,7800
Four Points by Sheraton Linkou,2025-12-02,2025-12-03,8325
Four Points by Sheraton Linkou,2025-12-02,2025-12-03,8800
Four Points by Sheraton Linkou,2025-12-02,2025-12-03,9800
Four Points by Sheraton Linkou,2025-12-15,2025-12-16,10325
Four Points by Sheraton Linkou,2025-12-15,2025-12-16,4800
Four Points by Sheraton Linkou,2025-12-15,2025-12-16,5300
Four Points by Sheraton Linkou,2025-12-15,2025-12-16,5800
Four Points by Sheraton Linkou,2025-12-15,2025-12-16,6300
Four Points by Sheraton Linkou,2025-12-15,2025-12-16,6800
Four Points by Sheraton Linkou,2025-12-15,2025-12-16,7325
Four Points by Sheraton Linkou,2025-12-15,2025-12-16,7800
Four Points by Sheraton Linkou,2025-12-15,2025-12-16,8325
Four Points by Sheraton Linkou,2025-12-15,2025-12-16,8800
Four Points by Sheraton Linkou,2025-12-15,2025-12-16,9800
